{
    "rmse": 0.7139121916629656,
    "mae": 0.5485069036908924,
    "r2": 0.21041742479300707
}