{
    "rmse": 0.7749709662240297,
    "mae": 0.5935186803300835,
    "r2": 0.1696022281696784
}